class,rtdetrv2_s_ap,yolox_m_ap,delta_ap,winner
bicycle,0.3460774595377975,0.36676000000000003,-0.020682540462202526,YOLOX-M
bird,0.3484623556613646,0.34604999999999997,0.002412355661364607,RT-DETRv2-S
bus,0.7147849798273701,0.69505,0.019734979827370158,RT-DETRv2-S
car,0.4807579493368748,0.46299,0.01776794933687481,RT-DETRv2-S
cat,0.7231737096701546,0.7038,0.019373709670154615,RT-DETRv2-S
cow,0.5994174947632874,0.55536,0.044057494763287464,RT-DETRv2-S
dog,0.6743729732420872,0.61568,0.05869297324208722,RT-DETRv2-S
flower,0.3615328986022385,0.35775,0.0037828986022384603,RT-DETRv2-S
motorcycle,0.5268169120168673,0.49759,0.029226912016867335,RT-DETRv2-S
person,0.5912325832734066,0.53669,0.05454258327340655,RT-DETRv2-S
stop_sign,0.6599275606398313,0.64384,0.0160875606398313,RT-DETRv2-S
traffic_light,0.2896436680269497,0.27809,0.011553668026949682,RT-DETRv2-S
truck,0.4012860674940398,0.35607999999999995,0.045206067494039825,RT-DETRv2-S
