class_id,class_name,AP50_95,AP50,AP75
0,person,0.5912325832734066,0.8387632318743582,0.6336870784971823
1,car,0.4807579493368748,0.7075528786065838,0.5131771222837332
2,dog,0.6743729732420872,0.7771537629046065,0.729026901253834
3,cat,0.7231737096701546,0.865349478861443,0.7429978717494612
4,bird,0.34846235566136463,0.4914176874568746,0.3735186816412756
5,cow,0.5994174947632874,0.7875789752211444,0.6750683499204186
6,bus,0.7147849798273701,0.8276904637733525,0.7807992428090336
7,truck,0.40128606749403983,0.5571227866160443,0.43471870973304955
8,motorcycle,0.5268169120168673,0.7625273720807446,0.5816535304833217
9,bicycle,0.34607745953779756,0.5778022976914724,0.3487374303313207
10,traffic_light,0.2896436680269497,0.5449624640704446,0.28431991361391784
11,stop_sign,0.6599275606398313,0.7225298601573266,0.7060564900552085
12,flower,0.3615328986022385,0.7308166934345743,0.30225056290099817
