epoch,val_map50_95
1,0.475
2,0.46
3,0.437
4,0.385
5,0.38
6,0.41
7,0.421
8,0.432
9,0.447
10,0.45
11,0.456
12,0.459
13,0.462
14,0.464
15,0.466
16,0.468
17,0.469
18,0.47
19,0.472
20,0.472
21,0.473
22,0.474
23,0.473
24,0.473
25,0.475
26,0.474
27,0.474
28,0.474
29,0.475
30,0.476
31,0.476
32,0.476
33,0.475
34,0.475
35,0.475
36,0.474
37,0.473
38,0.473
39,0.473
40,0.474
41,0.475
42,0.475
43,0.475
44,0.474
45,0.474
46,0.474
47,0.474
48,0.474
49,0.474
50,0.475
51,0.475
52,0.474
53,0.474
54,0.474
55,0.473
56,0.473
57,0.473
58,0.472
59,0.473
60,0.473
61,0.473
62,0.473
63,0.474
64,0.474
65,0.473
66,0.474
67,0.474
68,0.475
69,0.475
70,0.474
71,0.472
72,0.471
73,0.471
74,0.471
75,0.471
76,0.47
77,0.469
78,0.468
79,0.467
80,0.467
81,0.467
82,0.466
83,0.466
84,0.466
85,0.466
86,0.466
87,0.467
88,0.467
89,0.467
90,0.467
91,0.466
92,0.465
93,0.465
94,0.465
95,0.465
96,0.465
97,0.464
98,0.464
99,0.464
100,0.464
101,0.464
102,0.464
103,0.465
104,0.465
105,0.484
106,0.491
107,0.493
108,0.494
109,0.492
110,0.49
111,0.489
112,0.487
113,0.484
114,0.483
115,0.481
116,0.48
117,0.477
118,0.476
119,0.474
120,0.472
